{
    "n_frames":1,
    "n_channels":3,
    "original_width":256,
    "original_height":240,
    "scaled_width":84,
    "scaled_height":84,
    "game_visible": true,
    "mario_scale":2.0,
    "mario_state":0,
    "mario_timer":200,
    "mario_fps":400,
    "level_path":"/levels/custom/gap_4.txt",
    "seed":1,
    "batch_size":32,
    "gamma":0.99,
    "replay_buffer_size":100000,
    "learning_starts":10000,
    "learning_freq":4,
    "frame_skip": 4,
    "frame_history_len":4,
    "target_update_freq":1000,
    "learning_rate":0.0001,
    "alpha":0.95,
    "eps":0.01,
    "num_episodes":100,
    "num_actions": 8,
    "num_options":2,
    "temp":1,
    "eps_start":1.0,
    "eps_min":0.1,
    "eps_decay":20000,
    "eps_test":0.05,
    "max_history":100000,
    "max_steps_total":4000000,
    "max_steps_ep":18000,
    "freeze_interval":200,
    "gamma_worker": 0.95,
    "gamma_manager": 0.99,
    "tau_worker": 1.00,
    "entropy_coef": 0.01,
    "value_worker_loss_coef": 1,
    "value_manager_loss_coef": 1,
    "max_grad_norm": 40,
    "num_processes": 4,
    "num_steps": 400,
    "rgb": true,
    "egocentric": false,
    "max_steps": 100000
}